,YStock,XStock,PValue,Beta,STD_ERR_Ratio,Alpha,Current_STD_Error
0,clv18,cbx18,6.480341540683439e-91,0.7407350364016054,0.8705835044704573,11.949686320063654,-0.8609867461713894
1,clx18,cbx18,3.929858145738088e-94,0.7365058699278139,0.8705835044704572,11.826440330918977,-0.8719942122857999
2,clx18,clv18,1.827476738e-314,0.9888579210760595,1.0021872873984392,0.29016363271017553,-0.0383362320432837
